district,respondent,year,support,party,class,gender,age,religion
1,3322,1983,7,Labour,lower working,male,65,Protestant
1,3322,1984,3,Labour,lower working,male,65,Protestant
1,3322,1985,4,Labour,lower working,male,65,Protestant
1,3322,1986,7,Labour,lower working,male,65,Protestant
1,3325,1983,3,None,lower working,female,31,Protestant
1,3325,1984,4,Conservative,middle,female,31,Protestant
1,3325,1985,6,Labour,lower working,female,31,Protestant
1,3325,1986,3,Other,middle,female,31,Protestant
2,3372,1983,7,None,middle,male,33,None
2,3372,1984,7,Other,upper working,male,33,None
2,3372,1985,7,Liberal,lower working,male,33,None
2,3372,1986,7,Liberal,upper working,male,33,None
2,3374,1983,7,None,upper working,female,43,None
2,3374,1984,7,Conservative,upper working,female,43,None
2,3374,1985,7,Liberal,upper working,female,43,None
2,3374,1986,7,Liberal,upper working,female,43,None
2,3378,1983,3,Conservative,middle,male,48,Protestant
2,3378,1984,3,Conservative,middle,male,48,Protestant
2,3378,1985,3,Conservative,middle,male,48,Protestant
2,3378,1986,3,Conservative,middle,male,48,Protestant
2,3386,1983,6,Labour,lower working,male,55,None
2,3386,1984,5,Labour,lower working,male,55,None
2,3386,1985,7,Labour,lower working,male,55,None
2,3386,1986,7,Labour,lower working,male,55,None
2,3388,1983,7,Conservative,upper working,male,59,Protestant
2,3388,1984,3,Liberal,upper working,male,59,Protestant
2,3388,1985,6,Liberal,upper working,male,59,Protestant
2,3388,1986,6,Liberal,lower working,male,59,Protestant
3,2164,1983,7,Conservative,lower working,female,45,Protestant
3,2164,1984,7,Other,lower working,female,45,Protestant
3,2164,1985,7,Conservative,lower working,female,45,Protestant
3,2164,1986,7,Liberal,lower working,female,45,Protestant
3,2173,1983,7,Labour,upper working,female,63,Protestant
3,2173,1984,7,Labour,lower working,female,63,Protestant
3,2173,1985,6,Labour,middle,female,63,Protestant
3,2173,1986,7,Labour,middle,female,63,Protestant
3,2182,1983,4,Conservative,upper working,female,24,Other
3,2182,1984,5,Conservative,upper working,female,24,Other
3,2182,1985,6,Conservative,lower working,female,24,Other
3,2182,1986,7,Conservative,lower working,female,24,Other
4,39,1983,3,Liberal,lower working,male,49,None
4,39,1984,7,Liberal,lower working,male,49,None
4,39,1985,3,Liberal,lower working,male,49,None
4,39,1986,3,Liberal,lower working,male,49,None
4,46,1983,3,Conservative,upper working,female,50,Other
4,46,1984,3,Conservative,upper working,female,50,Other
4,46,1985,7,Conservative,upper working,female,50,Other
4,46,1986,7,Conservative,upper working,female,50,Other
4,48,1983,6,Labour,lower working,female,51,Protestant
4,48,1984,4,Labour,lower working,female,51,Protestant
4,48,1985,3,Labour,lower working,female,51,Protestant
4,48,1986,4,Labour,lower working,female,51,Protestant
4,55,1983,6,Conservative,lower working,male,21,None
4,55,1984,7,Labour,lower working,male,21,None
4,55,1985,6,Labour,lower working,male,21,None
4,55,1986,7,Labour,upper working,male,21,None
4,56,1983,7,Labour,lower working,male,27,Roman Catholic
4,56,1984,5,Labour,upper working,male,27,Roman Catholic
4,56,1985,7,Labour,upper working,male,27,Roman Catholic
4,56,1986,7,Labour,upper working,male,27,Roman Catholic
4,60,1983,4,Conservative,upper working,female,72,Protestant
4,60,1984,3,Conservative,middle,female,72,Protestant
4,60,1985,5,Conservative,middle,female,72,Protestant
4,60,1986,5,Conservative,upper working,female,72,Protestant
5,100,1983,5,Labour,lower working,male,66,Other
5,100,1984,3,Labour,lower working,male,66,Other
5,100,1985,3,Labour,lower working,male,66,Other
5,100,1986,3,Labour,lower working,male,66,Other
5,104,1983,7,Labour,lower working,female,35,Protestant
5,104,1984,7,Labour,lower working,female,35,Protestant
5,104,1985,7,Labour,lower working,female,35,Protestant
5,104,1986,6,Labour,lower working,female,35,Protestant
5,108,1983,1,Liberal,lower working,female,54,Other
5,108,1984,3,Liberal,lower working,female,54,Other
5,108,1985,3,Liberal,lower working,female,54,Other
5,108,1986,3,Liberal,lower working,female,54,Other
5,116,1983,7,Labour,lower working,female,34,None
5,116,1984,6,Labour,lower working,female,34,None
5,116,1985,7,Labour,lower working,female,34,None
5,116,1986,7,Labour,lower working,female,34,None
6,152,1983,1,None,upper working,male,18,Roman Catholic
6,152,1984,3,Other,lower working,male,18,Roman Catholic
6,152,1985,5,Other,lower working,male,18,Roman Catholic
6,152,1986,3,Other,lower working,male,18,Roman Catholic
6,155,1983,4,Conservative,lower working,male,28,None
6,155,1984,4,Conservative,lower working,male,28,None
6,155,1985,7,Conservative,lower working,male,28,None
6,155,1986,5,Conservative,lower working,male,28,None
7,211,1983,3,Labour,upper working,female,51,Other
7,211,1984,3,Labour,upper working,female,51,Other
7,211,1985,3,Liberal,upper working,female,51,Other
7,211,1986,3,Liberal,lower working,female,51,Other
7,212,1983,1,Labour,lower working,male,56,Other
7,212,1984,3,Labour,lower working,male,56,Other
7,212,1985,2,Other,lower working,male,56,Other
7,212,1986,1,Other,upper working,male,56,Other
7,215,1983,7,Labour,lower working,male,36,None
7,215,1984,7,Labour,lower working,male,36,None
7,215,1985,7,Labour,lower working,male,36,None
7,215,1986,7,Labour,lower working,male,36,None
7,216,1983,5,Labour,middle,female,27,Roman Catholic
7,216,1984,3,Other,upper working,female,27,Roman Catholic
7,216,1985,7,Labour,upper working,female,27,Roman Catholic
7,216,1986,6,Labour,lower working,female,27,Roman Catholic
7,223,1983,6,Conservative,upper working,male,33,Other
7,223,1984,3,Conservative,upper working,male,33,Other
7,223,1985,7,Conservative,upper working,male,33,Other
7,223,1986,6,Conservative,upper working,male,33,Other
7,224,1983,7,Liberal,lower working,female,24,None
7,224,1984,5,Labour,lower working,female,24,None
7,224,1985,3,Labour,lower working,female,24,None
7,224,1986,6,Labour,lower working,female,24,None
7,238,1983,5,Labour,upper working,female,65,Other
7,238,1984,5,Labour,lower working,female,65,Other
7,238,1985,4,Labour,upper working,female,65,Other
7,238,1986,5,Liberal,lower working,female,65,Other
8,272,1983,5,Labour,lower working,female,19,None
8,272,1984,3,Labour,lower working,female,19,None
8,272,1985,3,Labour,middle,female,19,None
8,272,1986,3,Labour,lower working,female,19,None
8,274,1983,6,Conservative,lower working,male,31,None
8,274,1984,5,Conservative,lower working,male,31,None
8,274,1985,6,Conservative,lower working,male,31,None
8,274,1986,6,Conservative,lower working,male,31,None
8,278,1983,3,Labour,lower working,female,65,Other
8,278,1984,4,Labour,lower working,female,65,Other
8,278,1985,3,Labour,lower working,female,65,Other
8,278,1986,3,Labour,lower working,female,65,Other
8,283,1983,7,Labour,middle,male,60,None
8,283,1984,6,Labour,lower working,male,60,None
8,283,1985,6,Labour,upper working,male,60,None
8,283,1986,5,Labour,lower working,male,60,None
8,286,1983,6,Conservative,lower working,female,38,None
8,286,1984,4,Conservative,lower working,female,38,None
8,286,1985,6,Conservative,lower working,female,38,None
8,286,1986,3,Conservative,lower working,female,38,None
8,288,1983,3,Labour,lower working,male,48,Other
8,288,1984,3,Labour,lower working,male,48,Other
8,288,1985,3,Other,lower working,male,48,Other
8,288,1986,3,Labour,lower working,male,48,Other
8,295,1983,5,Conservative,upper working,male,35,Other
8,295,1984,5,Conservative,middle,male,35,Other
8,295,1985,4,Conservative,middle,male,35,Other
8,295,1986,3,Conservative,upper working,male,35,Other
8,296,1983,0,Conservative,middle,male,73,Roman Catholic
8,296,1984,0,Conservative,middle,male,73,Roman Catholic
8,296,1985,1,Conservative,upper working,male,73,Roman Catholic
8,296,1986,0,Conservative,middle,male,73,Roman Catholic
8,298,1983,5,Labour,lower working,female,55,None
8,298,1984,4,Labour,lower working,female,55,None
8,298,1985,6,Labour,lower working,female,55,None
8,298,1986,5,Labour,lower working,female,55,None
9,348,1983,6,Conservative,lower working,male,31,Other
9,348,1984,4,Conservative,lower working,male,31,Other
9,348,1985,6,Conservative,lower working,male,31,Other
9,348,1986,7,Liberal,lower working,male,31,Other
9,359,1983,4,Labour,lower working,female,46,Other
9,359,1984,4,Labour,lower working,female,46,Other
9,359,1985,2,Labour,lower working,female,46,Other
9,359,1986,2,Labour,lower working,female,46,Other
9,360,1983,3,Labour,lower working,male,54,Other
9,360,1984,2,Labour,middle,male,54,Other
9,360,1985,5,Labour,lower working,male,54,Other
9,360,1986,7,Labour,lower working,male,54,Other
10,396,1983,4,Other,lower working,female,21,None
10,396,1984,3,Conservative,lower working,female,21,None
10,396,1985,7,Labour,lower working,female,21,None
10,396,1986,4,Labour,lower working,female,21,None
10,411,1983,5,Labour,lower working,female,23,Roman Catholic
10,411,1984,3,Labour,lower working,female,23,Roman Catholic
10,411,1985,3,Labour,lower working,female,23,Roman Catholic
10,411,1986,3,Labour,lower working,female,23,Roman Catholic
10,412,1983,3,Labour,lower working,male,20,Roman Catholic
10,412,1984,4,Labour,lower working,male,20,Roman Catholic
10,412,1985,3,Labour,lower working,male,20,Roman Catholic
10,412,1986,7,Labour,lower working,male,20,Roman Catholic
10,414,1983,3,Other,middle,male,25,None
10,414,1984,3,Liberal,middle,male,25,None
10,414,1985,3,Other,lower working,male,25,None
10,414,1986,2,Other,lower working,male,25,None
11,452,1983,3,Conservative,middle,female,67,Other
11,452,1984,2,Conservative,upper working,female,67,Other
11,452,1985,2,Conservative,lower working,female,67,Other
11,452,1986,2,Conservative,upper working,female,67,Other
11,455,1983,6,Liberal,middle,female,73,Other
11,455,1984,7,Labour,middle,female,73,Other
11,455,1985,5,Liberal,middle,female,73,Other
11,455,1986,5,Labour,middle,female,73,Other
11,458,1983,5,Labour,lower working,female,44,Other
11,458,1984,3,Labour,lower working,female,44,Other
11,458,1985,3,Labour,lower working,female,44,Other
11,458,1986,3,Labour,lower working,female,44,Other
11,463,1983,3,Labour,middle,male,57,Other
11,463,1984,4,Labour,upper working,male,57,Other
11,463,1985,2,Labour,upper working,male,57,Other
11,463,1986,3,Liberal,upper working,male,57,Other
11,466,1983,7,Conservative,middle,male,26,Other
11,466,1984,7,Liberal,middle,male,26,Other
11,466,1985,3,Conservative,middle,male,26,Other
11,466,1986,6,Conservative,middle,male,26,Other
11,470,1983,7,Labour,upper working,male,28,None
11,470,1984,7,Labour,middle,male,28,None
11,470,1985,7,Labour,middle,male,28,None
11,470,1986,6,Labour,middle,male,28,None
11,471,1983,6,Conservative,middle,male,35,Other
11,471,1984,6,Conservative,middle,male,35,Other
11,471,1985,7,Conservative,middle,male,35,Other
11,471,1986,7,Conservative,middle,male,35,Other
12,522,1983,6,Labour,upper working,female,33,None
12,522,1984,3,Labour,lower working,female,33,None
12,522,1985,4,Labour,lower working,female,33,None
12,522,1986,7,Labour,lower working,female,33,None
12,530,1983,4,None,lower working,female,76,Other
12,530,1984,2,Other,lower working,female,76,Other
12,530,1985,4,Other,lower working,female,76,Other
12,530,1986,4,Other,lower working,female,76,Other
12,540,1983,4,None,lower working,male,50,Protestant
12,540,1984,3,None,upper working,male,50,Protestant
12,540,1985,7,Labour,lower working,male,50,Protestant
12,540,1986,7,Other,lower working,male,50,Protestant
13,616,1983,6,Labour,upper working,male,34,None
13,616,1984,7,Labour,upper working,male,34,None
13,616,1985,7,Labour,upper working,male,34,None
13,616,1986,7,Labour,upper working,male,34,None
13,618,1983,5,Liberal,lower working,female,34,Roman Catholic
13,618,1984,7,Labour,lower working,female,34,Roman Catholic
13,618,1985,7,Conservative,lower working,female,34,Roman Catholic
13,618,1986,7,Liberal,lower working,female,34,Roman Catholic
13,626,1983,6,Conservative,lower working,male,38,Protestant
13,626,1984,3,Conservative,lower working,male,38,Protestant
13,626,1985,4,Conservative,lower working,male,38,Protestant
13,626,1986,6,Conservative,lower working,male,38,Protestant
13,628,1983,3,Labour,lower working,female,25,Protestant
13,628,1984,2,Labour,lower working,female,25,Protestant
13,628,1985,3,Labour,lower working,female,25,Protestant
13,628,1986,3,Labour,lower working,female,25,Protestant
14,661,1983,5,Labour,lower working,male,50,Protestant
14,661,1984,4,Labour,lower working,male,50,Protestant
14,661,1985,6,Labour,lower working,male,50,Protestant
14,661,1986,5,Labour,lower working,male,50,Protestant
14,662,1983,3,Labour,upper working,male,19,Roman Catholic
14,662,1984,2,Labour,upper working,male,19,Roman Catholic
14,662,1985,3,Labour,upper working,male,19,Roman Catholic
14,662,1986,1,Labour,lower working,male,19,Roman Catholic
14,669,1983,2,Liberal,lower working,female,32,Other
14,669,1984,1,Labour,upper working,female,32,Other
14,669,1985,1,Liberal,upper working,female,32,Other
14,669,1986,1,Liberal,lower working,female,32,Other
14,676,1983,4,Liberal,lower working,female,42,Protestant
14,676,1984,2,Liberal,lower working,female,42,Protestant
14,676,1985,4,Labour,lower working,female,42,Protestant
14,676,1986,4,Other,lower working,female,42,Protestant
14,677,1983,3,Conservative,upper working,male,21,None
14,677,1984,3,Conservative,upper working,male,21,None
14,677,1985,2,Conservative,upper working,male,21,None
14,677,1986,3,Conservative,upper working,male,21,None
14,682,1983,3,Conservative,lower working,male,71,Protestant
14,682,1984,3,Conservative,lower working,male,71,Protestant
14,682,1985,4,Conservative,lower working,male,71,Protestant
14,682,1986,7,Conservative,lower working,male,71,Protestant
14,686,1983,7,Conservative,middle,male,19,None
14,686,1984,7,Conservative,middle,male,19,None
14,686,1985,6,Conservative,middle,male,19,None
14,686,1986,6,Conservative,middle,male,19,None
14,688,1983,6,Liberal,middle,male,49,None
14,688,1984,7,Liberal,middle,male,49,None
14,688,1985,6,Liberal,middle,male,49,None
14,688,1986,7,Liberal,middle,male,49,None
14,689,1983,5,Conservative,lower working,female,37,None
14,689,1984,5,Labour,lower working,female,37,None
14,689,1985,5,Labour,lower working,female,37,None
14,689,1986,4,Labour,lower working,female,37,None
15,729,1983,4,Labour,lower working,female,45,Protestant
15,729,1984,4,Labour,lower working,female,45,Protestant
15,729,1985,7,Labour,lower working,female,45,Protestant
15,729,1986,4,Labour,lower working,female,45,Protestant
15,732,1983,5,None,upper working,male,23,None
15,732,1984,4,Conservative,upper working,male,23,None
15,732,1985,7,Conservative,upper working,male,23,None
15,732,1986,5,Conservative,upper working,male,23,None
15,736,1983,4,Labour,upper working,male,59,None
15,736,1984,3,Labour,lower working,male,59,None
15,736,1985,5,Labour,lower working,male,59,None
15,736,1986,4,Labour,lower working,male,59,None
15,742,1983,5,None,middle,female,23,None
15,742,1984,3,Labour,middle,female,23,None
15,742,1985,5,Labour,middle,female,23,None
15,742,1986,3,Labour,middle,female,23,None
16,781,1983,4,Conservative,lower working,male,42,None
16,781,1984,3,Conservative,lower working,male,42,None
16,781,1985,3,Conservative,lower working,male,42,None
16,781,1986,3,Conservative,lower working,male,42,None
16,789,1983,3,Liberal,lower working,male,45,None
16,789,1984,3,Liberal,lower working,male,45,None
16,789,1985,4,Labour,lower working,male,45,None
16,789,1986,5,Liberal,lower working,male,45,None
17,850,1983,5,Conservative,upper working,male,80,Protestant
17,850,1984,4,Conservative,lower working,male,80,Protestant
17,850,1985,0,Conservative,middle,male,80,Protestant
17,850,1986,7,Conservative,middle,male,80,Protestant
17,857,1983,7,None,lower working,male,49,None
17,857,1984,7,Labour,lower working,male,49,None
17,857,1985,7,Labour,lower working,male,49,None
17,857,1986,7,Labour,lower working,male,49,None
17,869,1983,5,Conservative,upper working,female,65,Protestant
17,869,1984,7,Conservative,upper working,female,65,Protestant
17,869,1985,4,Conservative,upper working,female,65,Protestant
17,869,1986,6,Conservative,upper working,female,65,Protestant
18,910,1983,6,Labour,lower working,female,61,Protestant
18,910,1984,4,Labour,lower working,female,61,Protestant
18,910,1985,7,Labour,lower working,female,61,Protestant
18,910,1986,7,Labour,lower working,female,61,Protestant
18,916,1983,6,Labour,lower working,male,30,None
18,916,1984,7,Labour,lower working,male,30,None
18,916,1985,4,Labour,lower working,male,30,None
18,916,1986,6,Conservative,lower working,male,30,None
18,922,1983,4,Labour,upper working,female,37,Other
18,922,1984,3,Labour,lower working,female,37,Other
18,922,1985,3,Labour,lower working,female,37,Other
18,922,1986,3,Labour,lower working,female,37,Other
18,929,1983,2,Labour,lower working,male,55,Roman Catholic
18,929,1984,3,Labour,lower working,male,55,Roman Catholic
18,929,1985,3,Labour,lower working,male,55,Roman Catholic
18,929,1986,3,Labour,lower working,male,55,Roman Catholic
19,1024,1983,7,Labour,upper working,female,29,Other
19,1024,1984,7,Labour,upper working,female,29,Other
19,1024,1985,7,Labour,middle,female,29,Other
19,1024,1986,7,Labour,middle,female,29,Other
19,1029,1983,6,Conservative,lower working,female,67,Protestant
19,1029,1984,3,Conservative,lower working,female,67,Protestant
19,1029,1985,4,Conservative,lower working,female,67,Protestant
19,1029,1986,7,Conservative,lower working,female,67,Protestant
19,1034,1983,7,Conservative,lower working,female,43,Protestant
19,1034,1984,7,Conservative,upper working,female,43,Protestant
19,1034,1985,7,Conservative,lower working,female,43,Protestant
19,1034,1986,7,Conservative,lower working,female,43,Protestant
19,1036,1983,7,Liberal,upper working,female,50,Protestant
19,1036,1984,7,Labour,upper working,female,50,Protestant
19,1036,1985,7,Labour,upper working,female,50,Protestant
19,1036,1986,7,Labour,upper working,female,50,Protestant
19,1040,1983,7,Conservative,lower working,male,60,None
19,1040,1984,7,Conservative,lower working,male,60,None
19,1040,1985,7,Conservative,lower working,male,60,None
19,1040,1986,7,Conservative,lower working,male,60,None
19,1041,1983,3,Conservative,middle,female,60,Protestant
19,1041,1984,4,Conservative,middle,female,60,Protestant
19,1041,1985,3,Conservative,middle,female,60,Protestant
19,1041,1986,3,Conservative,middle,female,60,Protestant
19,1046,1983,6,Liberal,middle,female,23,Other
19,1046,1984,3,Liberal,middle,female,23,Other
19,1046,1985,7,Liberal,middle,female,23,Other
19,1046,1986,6,Liberal,lower working,female,23,Other
19,1050,1983,5,Labour,lower working,female,48,None
19,1050,1984,4,Liberal,lower working,female,48,None
19,1050,1985,5,Liberal,lower working,female,48,None
19,1050,1986,4,Labour,lower working,female,48,None
20,1082,1983,2,Liberal,upper working,female,57,Roman Catholic
20,1082,1984,1,Liberal,upper working,female,57,Roman Catholic
20,1082,1985,1,Labour,upper working,female,57,Roman Catholic
20,1082,1986,2,Labour,upper working,female,57,Roman Catholic
20,1090,1983,5,Labour,lower working,female,45,None
20,1090,1984,3,Labour,lower working,female,45,None
20,1090,1985,4,Labour,lower working,female,45,None
20,1090,1986,3,Labour,lower working,female,45,None
20,1093,1983,7,Liberal,upper working,female,45,None
20,1093,1984,6,Other,lower working,female,45,None
20,1093,1985,6,Liberal,lower working,female,45,None
20,1093,1986,7,Liberal,lower working,female,45,None
20,1096,1983,7,Labour,middle,female,26,None
20,1096,1984,6,Labour,middle,female,26,None
20,1096,1985,7,Labour,middle,female,26,None
20,1096,1986,7,Liberal,middle,female,26,None
20,1097,1983,7,Liberal,upper working,female,56,None
20,1097,1984,7,Liberal,middle,female,56,None
20,1097,1985,7,Liberal,lower working,female,56,None
20,1097,1986,7,Other,lower working,female,56,None
20,1100,1983,4,Labour,lower working,male,31,None
20,1100,1984,3,Labour,lower working,male,31,None
20,1100,1985,5,Labour,lower working,male,31,None
20,1100,1986,4,Labour,lower working,male,31,None
20,1102,1983,4,Labour,upper working,female,64,Protestant
20,1102,1984,6,Labour,lower working,female,64,Protestant
20,1102,1985,2,Liberal,lower working,female,64,Protestant
20,1102,1986,5,Liberal,upper working,female,64,Protestant
20,1105,1983,7,Labour,lower working,male,67,None
20,1105,1984,5,Labour,lower working,male,67,None
20,1105,1985,7,Labour,lower working,male,67,None
20,1105,1986,7,Labour,lower working,male,67,None
20,1106,1983,4,Labour,lower working,female,47,Protestant
20,1106,1984,3,Labour,upper working,female,47,Protestant
20,1106,1985,3,Labour,lower working,female,47,Protestant
20,1106,1986,3,Labour,lower working,female,47,Protestant
21,1144,1983,2,Labour,lower working,male,37,Protestant
21,1144,1984,3,Labour,lower working,male,37,Protestant
21,1144,1985,5,Labour,lower working,male,37,Protestant
21,1144,1986,7,Labour,lower working,male,37,Protestant
21,1153,1983,7,Conservative,lower working,female,38,Protestant
21,1153,1984,5,Conservative,lower working,female,38,Protestant
21,1153,1985,7,Conservative,lower working,female,38,Protestant
21,1153,1986,7,Conservative,lower working,female,38,Protestant
21,1154,1983,7,Conservative,upper working,female,33,Protestant
21,1154,1984,7,Conservative,upper working,female,33,Protestant
21,1154,1985,7,Conservative,upper working,female,33,Protestant
21,1154,1986,7,Conservative,middle,female,33,Protestant
22,1204,1983,6,Liberal,lower working,female,32,Protestant
22,1204,1984,5,Liberal,upper working,female,32,Protestant
22,1204,1985,6,Liberal,upper working,female,32,Protestant
22,1204,1986,6,Liberal,lower working,female,32,Protestant
22,1208,1983,3,Liberal,lower working,female,55,Protestant
22,1208,1984,3,Liberal,lower working,female,55,Protestant
22,1208,1985,3,Liberal,lower working,female,55,Protestant
22,1208,1986,7,Liberal,lower working,female,55,Protestant
22,1216,1983,5,Conservative,lower working,female,80,Protestant
22,1216,1984,5,Conservative,lower working,female,80,Protestant
22,1216,1985,7,Conservative,lower working,female,80,Protestant
22,1216,1986,7,Conservative,middle,female,80,Protestant
22,1225,1983,7,Liberal,lower working,female,62,Other
22,1225,1984,7,Liberal,lower working,female,62,Other
22,1225,1985,6,Liberal,lower working,female,62,Other
22,1225,1986,6,Liberal,lower working,female,62,Other
22,1228,1983,7,Labour,middle,female,42,Protestant
22,1228,1984,7,Labour,middle,female,42,Protestant
22,1228,1985,7,Labour,middle,female,42,Protestant
22,1228,1986,7,Labour,middle,female,42,Protestant
23,1278,1983,3,Labour,upper working,female,25,Protestant
23,1278,1984,3,Labour,lower working,female,25,Protestant
23,1278,1985,5,Labour,lower working,female,25,Protestant
23,1278,1986,6,Liberal,lower working,female,25,Protestant
24,1324,1983,1,None,lower working,female,30,Protestant
24,1324,1984,1,Labour,lower working,female,30,Protestant
24,1324,1985,5,Conservative,lower working,female,30,Protestant
24,1324,1986,3,None,lower working,female,30,Protestant
24,1326,1983,7,Labour,lower working,female,60,Protestant
24,1326,1984,3,Labour,lower working,female,60,Protestant
24,1326,1985,4,Labour,lower working,female,60,Protestant
24,1326,1986,5,Labour,lower working,female,60,Protestant
24,1337,1983,6,None,lower working,male,37,None
24,1337,1984,5,Labour,lower working,male,37,None
24,1337,1985,0,Labour,lower working,male,37,None
24,1337,1986,5,Liberal,lower working,male,37,None
24,1348,1983,6,Labour,upper working,female,79,Other
24,1348,1984,4,Labour,middle,female,79,Other
24,1348,1985,4,Labour,middle,female,79,Other
24,1348,1986,5,Labour,upper working,female,79,Other
25,1382,1983,3,Conservative,middle,male,65,Protestant
25,1382,1984,3,Conservative,middle,male,65,Protestant
25,1382,1985,3,Conservative,middle,male,65,Protestant
25,1382,1986,3,Conservative,middle,male,65,Protestant
25,1388,1983,4,Conservative,middle,female,63,Protestant
25,1388,1984,3,Conservative,middle,female,63,Protestant
25,1388,1985,5,Conservative,middle,female,63,Protestant
25,1388,1986,6,Conservative,middle,female,63,Protestant
25,1393,1983,4,Liberal,middle,female,30,Protestant
25,1393,1984,3,Liberal,middle,female,30,Protestant
25,1393,1985,4,Liberal,middle,female,30,Protestant
25,1393,1986,6,Liberal,middle,female,30,Protestant
25,1394,1983,7,Conservative,upper working,male,35,Protestant
25,1394,1984,7,Conservative,upper working,male,35,Protestant
25,1394,1985,7,Conservative,upper working,male,35,Protestant
25,1394,1986,7,Conservative,upper working,male,35,Protestant
26,1450,1983,5,Conservative,upper working,female,38,Protestant
26,1450,1984,5,Conservative,upper working,female,38,Protestant
26,1450,1985,5,Conservative,upper working,female,38,Protestant
26,1450,1986,7,Conservative,upper working,female,38,Protestant
26,1453,1983,7,Conservative,lower working,female,53,Protestant
26,1453,1984,7,Conservative,lower working,female,53,Protestant
26,1453,1985,7,Conservative,lower working,female,53,Protestant
26,1453,1986,7,Liberal,lower working,female,53,Protestant
26,1460,1983,3,Labour,upper working,male,39,None
26,1460,1984,3,Labour,upper working,male,39,None
26,1460,1985,3,Labour,upper working,male,39,None
26,1460,1986,3,Labour,lower working,male,39,None
26,1462,1983,3,Conservative,lower working,female,46,Protestant
26,1462,1984,3,Liberal,lower working,female,46,Protestant
26,1462,1985,3,Conservative,lower working,female,46,Protestant
26,1462,1986,2,Liberal,lower working,female,46,Protestant
27,548,1983,6,Labour,lower working,male,47,Other
27,548,1984,3,Labour,lower working,male,47,Other
27,548,1985,6,Labour,lower working,male,47,Other
27,548,1986,7,Labour,lower working,male,47,Other
28,3061,1983,5,Labour,lower working,female,29,None
28,3061,1984,3,Liberal,lower working,female,29,None
28,3061,1985,3,Labour,lower working,female,29,None
28,3061,1986,3,Labour,lower working,female,29,None
28,3065,1983,5,Conservative,upper working,male,53,Protestant
28,3065,1984,5,Conservative,lower working,male,53,Protestant
28,3065,1985,7,Conservative,upper working,male,53,Protestant
28,3065,1986,7,Conservative,upper working,male,53,Protestant
28,3077,1983,3,Conservative,lower working,female,58,Protestant
28,3077,1984,3,Conservative,lower working,female,58,Protestant
28,3077,1985,3,Conservative,lower working,female,58,Protestant
28,3077,1986,3,Conservative,lower working,female,58,Protestant
28,3078,1983,4,None,lower working,female,38,None
28,3078,1984,4,Other,upper working,female,38,None
28,3078,1985,5,Other,lower working,female,38,None
28,3078,1986,7,Other,lower working,female,38,None
28,3080,1983,3,Conservative,middle,female,27,None
28,3080,1984,3,Conservative,middle,female,27,None
28,3080,1985,3,Conservative,upper working,female,27,None
28,3080,1986,3,Conservative,upper working,female,27,None
28,3081,1983,7,Labour,upper working,male,18,None
28,3081,1984,2,Labour,lower working,male,18,None
28,3081,1985,5,Labour,middle,male,18,None
28,3081,1986,4,Liberal,upper working,male,18,None
28,3088,1983,6,Liberal,lower working,female,36,Roman Catholic
28,3088,1984,4,Liberal,upper working,female,36,Roman Catholic
28,3088,1985,7,Liberal,upper working,female,36,Roman Catholic
28,3088,1986,6,Liberal,lower working,female,36,Roman Catholic
28,3090,1983,7,Conservative,upper working,female,34,None
28,3090,1984,7,Conservative,upper working,female,34,None
28,3090,1985,7,Conservative,upper working,female,34,None
28,3090,1986,7,Conservative,upper working,female,34,None
29,1534,1983,3,Conservative,lower working,male,38,None
29,1534,1984,6,Labour,lower working,male,38,None
29,1534,1985,7,Other,lower working,male,38,None
29,1534,1986,7,Other,upper working,male,38,None
29,1547,1983,5,Labour,lower working,female,25,Protestant
29,1547,1984,3,Labour,lower working,female,25,Protestant
29,1547,1985,5,Labour,lower working,female,25,Protestant
29,1547,1986,5,Conservative,lower working,female,25,Protestant
29,1560,1983,7,Labour,lower working,male,42,Protestant
29,1560,1984,5,Labour,lower working,male,42,Protestant
29,1560,1985,7,Labour,lower working,male,42,Protestant
29,1560,1986,7,Labour,lower working,male,42,Protestant
30,1591,1983,4,Labour,lower working,female,21,None
30,1591,1984,3,Labour,lower working,female,21,None
30,1591,1985,2,Labour,lower working,female,21,None
30,1591,1986,2,Labour,lower working,female,21,None
30,1594,1983,7,Liberal,upper working,female,38,None
30,1594,1984,7,Liberal,middle,female,38,None
30,1594,1985,7,Liberal,middle,female,38,None
30,1594,1986,7,Liberal,middle,female,38,None
30,1600,1983,7,Conservative,lower working,male,36,Protestant
30,1600,1984,4,Conservative,upper working,male,36,Protestant
30,1600,1985,5,Conservative,upper working,male,36,Protestant
30,1600,1986,5,Conservative,upper working,male,36,Protestant
30,1602,1983,7,Conservative,lower working,male,33,None
30,1602,1984,6,Conservative,lower working,male,33,None
30,1602,1985,7,Conservative,upper working,male,33,None
30,1602,1986,7,Conservative,lower working,male,33,None
30,1607,1983,7,Labour,lower working,male,22,None
30,1607,1984,3,Labour,lower working,male,22,None
30,1607,1985,3,Labour,upper working,male,22,None
30,1607,1986,6,Labour,lower working,male,22,None
30,1608,1983,7,Other,lower working,male,73,None
30,1608,1984,7,Labour,lower working,male,73,None
30,1608,1985,7,Labour,lower working,male,73,None
30,1608,1986,7,Labour,lower working,male,73,None
30,1610,1983,7,Conservative,upper working,male,29,None
30,1610,1984,7,Conservative,upper working,male,29,None
30,1610,1985,7,Conservative,upper working,male,29,None
30,1610,1986,7,Conservative,upper working,male,29,None
31,1791,1983,7,Liberal,upper working,male,56,Roman Catholic
31,1791,1984,7,Liberal,lower working,male,56,Roman Catholic
31,1791,1985,5,Liberal,upper working,male,56,Roman Catholic
31,1791,1986,7,Liberal,upper working,male,56,Roman Catholic
32,3152,1983,7,Labour,upper working,female,37,Protestant
32,3152,1984,6,Labour,upper working,female,37,Protestant
32,3152,1985,6,Labour,upper working,female,37,Protestant
32,3152,1986,6,Labour,lower working,female,37,Protestant
32,3155,1983,7,Labour,lower working,male,32,None
32,3155,1984,5,Labour,lower working,male,32,None
32,3155,1985,6,Labour,lower working,male,32,None
32,3155,1986,6,Labour,lower working,male,32,None
32,3156,1983,7,Labour,lower working,female,69,Protestant
32,3156,1984,4,Labour,middle,female,69,Protestant
32,3156,1985,3,Labour,lower working,female,69,Protestant
32,3156,1986,7,Labour,lower working,female,69,Protestant
32,3163,1983,7,Conservative,middle,male,42,None
32,3163,1984,4,Conservative,middle,male,42,None
32,3163,1985,3,Conservative,upper working,male,42,None
32,3163,1986,4,Conservative,upper working,male,42,None
32,3164,1983,5,Labour,upper working,male,56,Protestant
32,3164,1984,7,Labour,lower working,male,56,Protestant
32,3164,1985,7,Labour,upper working,male,56,Protestant
32,3164,1986,7,Liberal,upper working,male,56,Protestant
32,3171,1983,4,Conservative,lower working,female,51,Protestant
32,3171,1984,3,Conservative,lower working,female,51,Protestant
32,3171,1985,3,Conservative,lower working,female,51,Protestant
32,3171,1986,5,Conservative,lower working,female,51,Protestant
32,3174,1983,5,Conservative,lower working,female,21,None
32,3174,1984,7,Labour,lower working,female,21,None
32,3174,1985,3,Labour,lower working,female,21,None
32,3174,1986,6,Labour,lower working,female,21,None
32,3179,1983,5,Labour,upper working,female,45,Protestant
32,3179,1984,3,Labour,upper working,female,45,Protestant
32,3179,1985,5,Labour,upper working,female,45,Protestant
32,3179,1986,3,Labour,middle,female,45,Protestant
32,3180,1983,4,Liberal,lower working,male,75,Protestant
32,3180,1984,2,Liberal,lower working,male,75,Protestant
32,3180,1985,3,Liberal,upper working,male,75,Protestant
32,3180,1986,7,Liberal,lower working,male,75,Protestant
33,1681,1983,3,Liberal,lower working,male,28,Roman Catholic
33,1681,1984,4,Liberal,lower working,male,28,Roman Catholic
33,1681,1985,4,Liberal,lower working,male,28,Roman Catholic
33,1681,1986,4,Liberal,lower working,male,28,Roman Catholic
33,1682,1983,6,Conservative,middle,male,34,None
33,1682,1984,6,Liberal,middle,male,34,None
33,1682,1985,7,Liberal,middle,male,34,None
33,1682,1986,7,Liberal,middle,male,34,None
33,1685,1983,3,Conservative,lower working,female,24,None
33,1685,1984,3,Conservative,upper working,female,24,None
33,1685,1985,5,Conservative,upper working,female,24,None
33,1685,1986,3,Liberal,lower working,female,24,None
33,1686,1983,7,Liberal,middle,female,36,None
33,1686,1984,6,Liberal,middle,female,36,None
33,1686,1985,7,Liberal,middle,female,36,None
33,1686,1986,6,Liberal,middle,female,36,None
33,1688,1983,5,Conservative,upper working,male,25,None
33,1688,1984,7,Conservative,lower working,male,25,None
33,1688,1985,3,Conservative,upper working,male,25,None
33,1688,1986,7,Conservative,upper working,male,25,None
33,1690,1983,2,Conservative,middle,male,25,Protestant
33,1690,1984,2,Conservative,middle,male,25,Protestant
33,1690,1985,3,Liberal,middle,male,25,Protestant
33,1690,1986,2,Liberal,upper working,male,25,Protestant
33,1694,1983,3,Conservative,upper working,female,60,Protestant
33,1694,1984,3,Conservative,middle,female,60,Protestant
33,1694,1985,3,Conservative,upper working,female,60,Protestant
33,1694,1986,3,Conservative,middle,female,60,Protestant
33,1697,1983,3,Liberal,middle,female,35,Other
33,1697,1984,2,Liberal,middle,female,35,Other
33,1697,1985,2,Liberal,middle,female,35,Other
33,1697,1986,1,Liberal,middle,female,35,Other
34,1741,1983,4,Conservative,middle,female,63,Roman Catholic
34,1741,1984,1,Conservative,middle,female,63,Roman Catholic
34,1741,1985,2,Conservative,middle,female,63,Roman Catholic
34,1741,1986,1,Conservative,lower working,female,63,Roman Catholic
34,1746,1983,5,Labour,lower working,male,46,None
34,1746,1984,3,Labour,lower working,male,46,None
34,1746,1985,6,Labour,lower working,male,46,None
34,1746,1986,5,Labour,lower working,male,46,None
34,1750,1983,7,Liberal,middle,male,48,Protestant
34,1750,1984,7,Liberal,middle,male,48,Protestant
34,1750,1985,5,Liberal,middle,male,48,Protestant
34,1750,1986,4,Liberal,middle,male,48,Protestant
34,1754,1983,5,Liberal,upper working,female,62,Protestant
34,1754,1984,3,Liberal,lower working,female,62,Protestant
34,1754,1985,4,Liberal,lower working,female,62,Protestant
34,1754,1986,4,Liberal,lower working,female,62,Protestant
35,1834,1983,3,Conservative,middle,male,49,Other
35,1834,1984,2,Conservative,middle,male,49,Other
35,1834,1985,6,Conservative,middle,male,49,Other
35,1834,1986,6,Conservative,middle,male,49,Other
35,1836,1983,4,Liberal,upper working,male,24,Protestant
35,1836,1984,3,Labour,upper working,male,24,Protestant
35,1836,1985,4,Liberal,upper working,male,24,Protestant
35,1836,1986,5,Liberal,upper working,male,24,Protestant
35,1838,1983,7,None,lower working,female,27,None
35,1838,1984,5,Liberal,lower working,female,27,None
35,1838,1985,7,Liberal,lower working,female,27,None
35,1838,1986,7,Liberal,lower working,female,27,None
35,1839,1983,4,Conservative,middle,female,74,Other
35,1839,1984,6,Conservative,middle,female,74,Other
35,1839,1985,7,Conservative,middle,female,74,Other
35,1839,1986,3,Conservative,middle,female,74,Other
35,1843,1983,4,Labour,upper working,male,25,None
35,1843,1984,3,Labour,upper working,male,25,None
35,1843,1985,6,Labour,upper working,male,25,None
35,1843,1986,4,Labour,upper working,male,25,None
35,1846,1983,3,Liberal,middle,male,39,None
35,1846,1984,3,Liberal,middle,male,39,None
35,1846,1985,3,Liberal,middle,male,39,None
35,1846,1986,3,Liberal,middle,male,39,None
35,1851,1983,7,Labour,middle,female,26,None
35,1851,1984,7,Labour,middle,female,26,None
35,1851,1985,7,Labour,middle,female,26,None
35,1851,1986,7,Labour,middle,female,26,None
35,1858,1983,3,None,upper working,female,60,Other
35,1858,1984,3,Labour,upper working,female,60,Other
35,1858,1985,3,Other,upper working,female,60,Other
35,1858,1986,3,Labour,upper working,female,60,Other
36,1892,1983,7,Liberal,lower working,male,31,Protestant
36,1892,1984,3,Conservative,lower working,male,31,Protestant
36,1892,1985,3,Liberal,lower working,male,31,Protestant
36,1892,1986,7,Liberal,upper working,male,31,Protestant
36,1895,1983,3,Liberal,upper working,female,52,Protestant
36,1895,1984,3,Liberal,upper working,female,52,Protestant
36,1895,1985,3,Liberal,upper working,female,52,Protestant
36,1895,1986,4,Liberal,upper working,female,52,Protestant
36,1900,1983,7,Labour,lower working,male,26,Protestant
36,1900,1984,7,None,lower working,male,26,Protestant
36,1900,1985,6,Liberal,lower working,male,26,Protestant
36,1900,1986,7,Liberal,lower working,male,26,Protestant
36,1906,1983,5,Conservative,middle,female,52,Protestant
36,1906,1984,3,Conservative,middle,female,52,Protestant
36,1906,1985,4,Conservative,middle,female,52,Protestant
36,1906,1986,4,Conservative,middle,female,52,Protestant
36,1907,1983,7,Labour,lower working,male,78,None
36,1907,1984,5,Labour,lower working,male,78,None
36,1907,1985,7,Labour,lower working,male,78,None
36,1907,1986,6,Labour,upper working,male,78,None
36,1910,1983,7,Conservative,lower working,male,50,Protestant
36,1910,1984,2,Conservative,upper working,male,50,Protestant
36,1910,1985,7,Conservative,lower working,male,50,Protestant
36,1910,1986,6,Conservative,upper working,male,50,Protestant
36,1916,1983,3,Conservative,lower working,male,48,Other
36,1916,1984,3,Conservative,middle,male,48,Other
36,1916,1985,3,Conservative,lower working,male,48,Other
36,1916,1986,3,Liberal,lower working,male,48,Other
37,1954,1983,3,Conservative,middle,female,40,Protestant
37,1954,1984,7,Conservative,middle,female,40,Protestant
37,1954,1985,4,Conservative,middle,female,40,Protestant
37,1954,1986,5,Conservative,middle,female,40,Protestant
37,1955,1983,6,Liberal,upper working,male,40,Other
37,1955,1984,6,None,upper working,male,40,Other
37,1955,1985,6,Liberal,upper working,male,40,Other
37,1955,1986,6,Liberal,upper working,male,40,Other
37,1967,1983,4,Labour,lower working,female,21,Protestant
37,1967,1984,6,Labour,lower working,female,21,Protestant
37,1967,1985,6,Labour,lower working,female,21,Protestant
37,1967,1986,5,Labour,upper working,female,21,Protestant
37,1968,1983,7,Liberal,lower working,female,35,Protestant
37,1968,1984,7,Liberal,lower working,female,35,Protestant
37,1968,1985,7,Liberal,lower working,female,35,Protestant
37,1968,1986,7,Liberal,upper working,female,35,Protestant
37,1975,1983,7,Liberal,middle,male,37,Protestant
37,1975,1984,7,Liberal,middle,male,37,Protestant
37,1975,1985,7,Liberal,middle,male,37,Protestant
37,1975,1986,7,Liberal,middle,male,37,Protestant
37,1979,1983,4,Labour,lower working,male,68,Roman Catholic
37,1979,1984,3,Labour,lower working,male,68,Roman Catholic
37,1979,1985,4,Labour,lower working,male,68,Roman Catholic
37,1979,1986,3,Labour,lower working,male,68,Roman Catholic
38,2019,1983,4,Conservative,upper working,female,43,Protestant
38,2019,1984,3,Conservative,upper working,female,43,Protestant
38,2019,1985,2,Conservative,upper working,female,43,Protestant
38,2019,1986,6,Labour,upper working,female,43,Protestant
38,2020,1983,7,Conservative,middle,female,20,None
38,2020,1984,7,Conservative,upper working,female,20,None
38,2020,1985,7,Conservative,upper working,female,20,None
38,2020,1986,7,Conservative,upper working,female,20,None
38,2031,1983,7,Conservative,middle,female,46,Protestant
38,2031,1984,3,Conservative,middle,female,46,Protestant
38,2031,1985,3,Liberal,middle,female,46,Protestant
38,2031,1986,6,Conservative,middle,female,46,Protestant
38,2032,1983,7,Conservative,middle,female,53,None
38,2032,1984,7,Conservative,upper working,female,53,None
38,2032,1985,7,Conservative,middle,female,53,None
38,2032,1986,7,Conservative,middle,female,53,None
39,2101,1983,4,Conservative,upper working,male,66,Protestant
39,2101,1984,4,Conservative,upper working,male,66,Protestant
39,2101,1985,3,Conservative,middle,male,66,Protestant
39,2101,1986,6,Conservative,upper working,male,66,Protestant
39,2106,1983,7,Conservative,middle,male,51,None
39,2106,1984,7,Conservative,middle,male,51,None
39,2106,1985,7,Conservative,middle,male,51,None
39,2106,1986,7,Conservative,middle,male,51,None
39,2117,1983,6,Liberal,lower working,male,49,Protestant
39,2117,1984,4,Liberal,lower working,male,49,Protestant
39,2117,1985,6,Liberal,lower working,male,49,Protestant
39,2117,1986,6,Liberal,upper working,male,49,Protestant
39,2121,1983,3,Labour,lower working,female,74,Protestant
39,2121,1984,4,Labour,lower working,female,74,Protestant
39,2121,1985,4,Labour,lower working,female,74,Protestant
39,2121,1986,3,Labour,lower working,female,74,Protestant
39,2128,1983,7,Conservative,upper working,female,58,None
39,2128,1984,7,Conservative,upper working,female,58,None
39,2128,1985,7,Conservative,upper working,female,58,None
39,2128,1986,7,Conservative,lower working,female,58,None
40,2202,1983,7,Labour,lower working,female,39,Protestant
40,2202,1984,3,Labour,lower working,female,39,Protestant
40,2202,1985,7,Liberal,lower working,female,39,Protestant
40,2202,1986,7,Liberal,lower working,female,39,Protestant
40,2211,1983,3,Conservative,upper working,female,66,Other
40,2211,1984,3,Conservative,lower working,female,66,Other
40,2211,1985,3,Conservative,lower working,female,66,Other
40,2211,1986,6,Conservative,lower working,female,66,Other
40,2212,1983,5,Labour,lower working,female,21,None
40,2212,1984,6,Labour,lower working,female,21,None
40,2212,1985,7,Labour,lower working,female,21,None
40,2212,1986,6,Labour,lower working,female,21,None
40,2214,1983,5,None,upper working,female,27,Protestant
40,2214,1984,4,Other,upper working,female,27,Protestant
40,2214,1985,3,Other,upper working,female,27,Protestant
40,2214,1986,6,Other,lower working,female,27,Protestant
40,2216,1983,7,Labour,lower working,male,40,None
40,2216,1984,7,Labour,lower working,male,40,None
40,2216,1985,7,Labour,lower working,male,40,None
40,2216,1986,5,Labour,lower working,male,40,None
40,2220,1983,7,Labour,upper working,male,73,None
40,2220,1984,3,Labour,upper working,male,73,None
40,2220,1985,7,Labour,lower working,male,73,None
40,2220,1986,7,Labour,upper working,male,73,None
41,2251,1983,5,Labour,middle,female,70,Other
41,2251,1984,3,Labour,upper working,female,70,Other
41,2251,1985,3,Labour,upper working,female,70,Other
41,2251,1986,3,Labour,middle,female,70,Other
41,2254,1983,3,Liberal,upper working,female,51,Protestant
41,2254,1984,3,Liberal,lower working,female,51,Protestant
41,2254,1985,3,Liberal,upper working,female,51,Protestant
41,2254,1986,4,Liberal,lower working,female,51,Protestant
41,2255,1983,3,Conservative,middle,female,65,Protestant
41,2255,1984,2,Conservative,middle,female,65,Protestant
41,2255,1985,4,Conservative,middle,female,65,Protestant
41,2255,1986,3,Liberal,middle,female,65,Protestant
41,2256,1983,7,Labour,middle,male,51,None
41,2256,1984,6,Labour,middle,male,51,None
41,2256,1985,7,Labour,middle,male,51,None
41,2256,1986,7,Labour,middle,male,51,None
41,2258,1983,6,Conservative,upper working,female,49,Protestant
41,2258,1984,3,Conservative,upper working,female,49,Protestant
41,2258,1985,6,Conservative,lower working,female,49,Protestant
41,2258,1986,6,Conservative,lower working,female,49,Protestant
41,2263,1983,6,Conservative,upper working,female,49,Protestant
41,2263,1984,3,Conservative,lower working,female,49,Protestant
41,2263,1985,4,Conservative,upper working,female,49,Protestant
41,2263,1986,5,Conservative,middle,female,49,Protestant
41,2268,1983,3,Conservative,lower working,male,71,Other
41,2268,1984,2,Conservative,lower working,male,71,Other
41,2268,1985,5,Conservative,upper working,male,71,Other
41,2268,1986,6,Conservative,lower working,male,71,Other
41,2271,1983,7,Liberal,middle,female,23,Other
41,2271,1984,6,Liberal,middle,female,23,Other
41,2271,1985,7,Liberal,middle,female,23,Other
41,2271,1986,6,Liberal,middle,female,23,Other
42,2315,1983,2,Conservative,upper working,female,38,Protestant
42,2315,1984,3,Conservative,upper working,female,38,Protestant
42,2315,1985,3,Conservative,upper working,female,38,Protestant
42,2315,1986,3,Conservative,upper working,female,38,Protestant
42,2340,1983,4,Labour,lower working,female,21,None
42,2340,1984,5,Conservative,lower working,female,21,None
42,2340,1985,3,Conservative,lower working,female,21,None
42,2340,1986,2,Conservative,lower working,female,21,None
43,2374,1983,4,Conservative,middle,female,31,Protestant
43,2374,1984,3,Conservative,middle,female,31,Protestant
43,2374,1985,3,Liberal,upper working,female,31,Protestant
43,2374,1986,3,Liberal,lower working,female,31,Protestant
43,2379,1983,3,Liberal,upper working,female,41,Protestant
43,2379,1984,3,Liberal,lower working,female,41,Protestant
43,2379,1985,3,Liberal,lower working,female,41,Protestant
43,2379,1986,3,Liberal,lower working,female,41,Protestant
43,2383,1983,6,Conservative,middle,male,22,None
43,2383,1984,6,Conservative,middle,male,22,None
43,2383,1985,6,Conservative,upper working,male,22,None
43,2383,1986,7,Conservative,middle,male,22,None
43,2387,1983,5,Labour,upper working,female,46,Protestant
43,2387,1984,5,Labour,upper working,female,46,Protestant
43,2387,1985,3,Labour,middle,female,46,Protestant
43,2387,1986,5,Labour,middle,female,46,Protestant
44,2461,1983,4,Liberal,upper working,female,34,Protestant
44,2461,1984,2,Liberal,middle,female,34,Protestant
44,2461,1985,3,Liberal,middle,female,34,Protestant
44,2461,1986,5,Liberal,middle,female,34,Protestant
44,2464,1983,4,Conservative,lower working,female,58,Protestant
44,2464,1984,3,Conservative,lower working,female,58,Protestant
44,2464,1985,3,Conservative,upper working,female,58,Protestant
44,2464,1986,3,Conservative,upper working,female,58,Protestant
44,2465,1983,5,Conservative,middle,male,39,Protestant
44,2465,1984,4,Conservative,middle,male,39,Protestant
44,2465,1985,7,Conservative,middle,male,39,Protestant
44,2465,1986,7,Conservative,middle,male,39,Protestant
44,2468,1983,7,Conservative,lower working,male,51,Protestant
44,2468,1984,7,Conservative,lower working,male,51,Protestant
44,2468,1985,7,Conservative,lower working,male,51,Protestant
44,2468,1986,7,Conservative,lower working,male,51,Protestant
44,2472,1983,4,Liberal,upper working,female,34,None
44,2472,1984,3,Liberal,lower working,female,34,None
44,2472,1985,3,Liberal,middle,female,34,None
44,2472,1986,3,Liberal,middle,female,34,None
44,2474,1983,1,Conservative,middle,male,29,None
44,2474,1984,1,Conservative,lower working,male,29,None
44,2474,1985,1,Conservative,lower working,male,29,None
44,2474,1986,1,Conservative,upper working,male,29,None
44,2480,1983,7,None,lower working,male,53,Protestant
44,2480,1984,7,None,lower working,male,53,Protestant
44,2480,1985,7,Other,upper working,male,53,Protestant
44,2480,1986,7,Liberal,lower working,male,53,Protestant
44,2485,1983,3,Labour,lower working,female,52,Roman Catholic
44,2485,1984,2,Labour,lower working,female,52,Roman Catholic
44,2485,1985,7,Labour,lower working,female,52,Roman Catholic
44,2485,1986,3,Labour,lower working,female,52,Roman Catholic
44,2488,1983,3,Conservative,upper working,female,24,Protestant
44,2488,1984,3,Conservative,upper working,female,24,Protestant
44,2488,1985,4,Conservative,upper working,female,24,Protestant
44,2488,1986,4,Conservative,upper working,female,24,Protestant
44,2489,1983,3,Conservative,middle,female,39,None
44,2489,1984,7,Conservative,middle,female,39,None
44,2489,1985,7,Conservative,middle,female,39,None
44,2489,1986,6,Conservative,middle,female,39,None
45,2521,1983,3,Labour,lower working,male,40,Other
45,2521,1984,3,Labour,lower working,male,40,Other
45,2521,1985,1,Labour,lower working,male,40,Other
45,2521,1986,4,Labour,lower working,male,40,Other
45,2524,1983,7,Labour,lower working,female,25,Protestant
45,2524,1984,6,Labour,lower working,female,25,Protestant
45,2524,1985,6,Labour,lower working,female,25,Protestant
45,2524,1986,7,Labour,lower working,female,25,Protestant
45,2526,1983,7,Conservative,middle,female,39,Protestant
45,2526,1984,7,Conservative,middle,female,39,Protestant
45,2526,1985,7,Conservative,upper working,female,39,Protestant
45,2526,1986,7,Conservative,upper working,female,39,Protestant
45,2530,1983,5,Conservative,upper working,male,42,Protestant
45,2530,1984,3,Conservative,upper working,male,42,Protestant
45,2530,1985,4,Conservative,upper working,male,42,Protestant
45,2530,1986,5,Conservative,middle,male,42,Protestant
45,2534,1983,7,None,lower working,male,19,None
45,2534,1984,2,Other,lower working,male,19,None
45,2534,1985,3,Other,lower working,male,19,None
45,2534,1986,7,Other,lower working,male,19,None
45,2537,1983,7,Conservative,lower working,female,35,Protestant
45,2537,1984,3,Conservative,lower working,female,35,Protestant
45,2537,1985,3,Conservative,lower working,female,35,Protestant
45,2537,1986,3,Conservative,lower working,female,35,Protestant
45,2541,1983,4,Conservative,upper working,female,29,Protestant
45,2541,1984,3,Conservative,middle,female,29,Protestant
45,2541,1985,7,Conservative,upper working,female,29,Protestant
45,2541,1986,5,Liberal,upper working,female,29,Protestant
45,2542,1983,7,Liberal,lower working,female,37,None
45,2542,1984,5,Liberal,upper working,female,37,None
45,2542,1985,6,Liberal,lower working,female,37,None
45,2542,1986,6,Liberal,middle,female,37,None
46,2614,1983,7,Conservative,middle,male,36,Protestant
46,2614,1984,7,Conservative,middle,male,36,Protestant
46,2614,1985,7,Conservative,middle,male,36,Protestant
46,2614,1986,7,Conservative,middle,male,36,Protestant
46,2627,1983,7,None,middle,female,25,None
46,2627,1984,7,Other,middle,female,25,None
46,2627,1985,7,Other,middle,female,25,None
46,2627,1986,7,Other,middle,female,25,None
46,2639,1983,7,Conservative,middle,male,40,Other
46,2639,1984,4,Conservative,middle,male,40,Other
46,2639,1985,6,Conservative,middle,male,40,Other
46,2639,1986,6,Conservative,middle,male,40,Other
46,2640,1983,3,Conservative,middle,female,51,Other
46,2640,1984,7,Liberal,middle,female,51,Other
46,2640,1985,7,Conservative,middle,female,51,Other
46,2640,1986,7,Conservative,middle,female,51,Other
47,2672,1983,6,Conservative,upper working,male,31,Protestant
47,2672,1984,7,Conservative,lower working,male,31,Protestant
47,2672,1985,7,Conservative,lower working,male,31,Protestant
47,2672,1986,3,Conservative,lower working,male,31,Protestant
47,2679,1983,6,Conservative,middle,female,69,Protestant
47,2679,1984,7,Conservative,middle,female,69,Protestant
47,2679,1985,5,Conservative,middle,female,69,Protestant
47,2679,1986,6,Conservative,middle,female,69,Protestant
47,2694,1983,7,Conservative,middle,male,63,Protestant
47,2694,1984,7,Conservative,middle,male,63,Protestant
47,2694,1985,7,Conservative,middle,male,63,Protestant
47,2694,1986,7,Conservative,middle,male,63,Protestant
47,2698,1983,5,Conservative,upper working,female,58,Protestant
47,2698,1984,7,Conservative,upper working,female,58,Protestant
47,2698,1985,7,Conservative,upper working,female,58,Protestant
47,2698,1986,6,Conservative,upper working,female,58,Protestant
47,2700,1983,7,Conservative,middle,male,37,None
47,2700,1984,6,Conservative,middle,male,37,None
47,2700,1985,7,Conservative,middle,male,37,None
47,2700,1986,7,Conservative,middle,male,37,None
48,2770,1983,2,Conservative,middle,male,35,Other
48,2770,1984,2,Conservative,middle,male,35,Other
48,2770,1985,2,Conservative,middle,male,35,Other
48,2770,1986,2,Liberal,middle,male,35,Other
48,2780,1983,6,Conservative,middle,female,24,None
48,2780,1984,4,Conservative,middle,female,24,None
48,2780,1985,5,Conservative,middle,female,24,None
48,2780,1986,5,Conservative,middle,female,24,None
49,2832,1983,6,Liberal,middle,female,24,Other
49,2832,1984,3,Liberal,middle,female,24,Other
49,2832,1985,4,Liberal,middle,female,24,Other
49,2832,1986,4,Liberal,middle,female,24,Other
49,2834,1983,7,Other,lower working,female,36,None
49,2834,1984,4,Liberal,lower working,female,36,None
49,2834,1985,4,Labour,lower working,female,36,None
49,2834,1986,6,Labour,lower working,female,36,None
49,2836,1983,7,Liberal,lower working,male,54,Protestant
49,2836,1984,7,Liberal,lower working,male,54,Protestant
49,2836,1985,6,Liberal,lower working,male,54,Protestant
49,2836,1986,6,Liberal,lower working,male,54,Protestant
49,2837,1983,7,Conservative,middle,female,28,Other
49,2837,1984,7,Conservative,middle,female,28,Other
49,2837,1985,6,Conservative,middle,female,28,Other
49,2837,1986,7,Conservative,middle,female,28,Other
49,2849,1983,7,Labour,upper working,female,36,Protestant
49,2849,1984,7,Labour,lower working,female,36,Protestant
49,2849,1985,7,Labour,lower working,female,36,Protestant
49,2849,1986,7,Labour,lower working,female,36,Protestant
50,2888,1983,7,Liberal,middle,male,51,None
50,2888,1984,7,Liberal,middle,male,51,None
50,2888,1985,7,Liberal,middle,male,51,None
50,2888,1986,7,Liberal,middle,male,51,None
50,2890,1983,7,Liberal,lower working,male,40,Protestant
50,2890,1984,5,Liberal,lower working,male,40,Protestant
50,2890,1985,3,Liberal,upper working,male,40,Protestant
50,2890,1986,6,Liberal,lower working,male,40,Protestant
50,2892,1983,7,Conservative,upper working,female,25,None
50,2892,1984,7,Conservative,lower working,female,25,None
50,2892,1985,6,Conservative,upper working,female,25,None
50,2892,1986,7,Conservative,upper working,female,25,None
50,2904,1983,7,Liberal,middle,male,33,None
50,2904,1984,7,Liberal,upper working,male,33,None
50,2904,1985,7,Liberal,middle,male,33,None
50,2904,1986,7,Liberal,upper working,male,33,None
50,2909,1983,5,Labour,lower working,female,64,Roman Catholic
50,2909,1984,4,Labour,lower working,female,64,Roman Catholic
50,2909,1985,0,Labour,lower working,female,64,Roman Catholic
50,2909,1986,6,Labour,lower working,female,64,Roman Catholic
51,3020,1983,3,Conservative,middle,male,41,Protestant
51,3020,1984,5,Conservative,middle,male,41,Protestant
51,3020,1985,2,Liberal,lower working,male,41,Protestant
51,3020,1986,2,Liberal,middle,male,41,Protestant
51,3025,1983,5,Conservative,upper working,female,36,Protestant
51,3025,1984,4,Conservative,upper working,female,36,Protestant
51,3025,1985,7,Conservative,middle,female,36,Protestant
51,3025,1986,6,Conservative,middle,female,36,Protestant
51,3029,1983,7,Conservative,lower working,female,56,Protestant
51,3029,1984,2,Conservative,lower working,female,56,Protestant
51,3029,1985,7,Conservative,lower working,female,56,Protestant
51,3029,1986,6,Conservative,lower working,female,56,Protestant
52,3100,1983,3,Labour,upper working,male,36,None
52,3100,1984,4,Liberal,lower working,male,36,None
52,3100,1985,4,Liberal,upper working,male,36,None
52,3100,1986,7,Labour,upper working,male,36,None
52,3111,1983,7,Conservative,upper working,female,66,None
52,3111,1984,6,Conservative,lower working,female,66,None
52,3111,1985,7,Conservative,lower working,female,66,None
52,3111,1986,7,Liberal,lower working,female,66,None
52,3112,1983,6,Conservative,middle,female,38,Protestant
52,3112,1984,6,Conservative,middle,female,38,Protestant
52,3112,1985,4,Conservative,middle,female,38,Protestant
52,3112,1986,7,Conservative,middle,female,38,Protestant
53,3193,1983,4,Conservative,upper working,male,60,Protestant
53,3193,1984,5,Conservative,upper working,male,60,Protestant
53,3193,1985,6,Conservative,upper working,male,60,Protestant
53,3193,1986,7,Conservative,upper working,male,60,Protestant
53,3194,1983,5,Conservative,lower working,male,69,Protestant
53,3194,1984,5,Conservative,lower working,male,69,Protestant
53,3194,1985,7,Conservative,lower working,male,69,Protestant
53,3194,1986,7,Conservative,lower working,male,69,Protestant
53,3196,1983,3,Labour,lower working,female,41,Protestant
53,3196,1984,7,Labour,lower working,female,41,Protestant
53,3196,1985,7,Labour,lower working,female,41,Protestant
53,3196,1986,7,Labour,lower working,female,41,Protestant
53,3201,1983,2,Conservative,upper working,male,55,Protestant
53,3201,1984,2,Conservative,upper working,male,55,Protestant
53,3201,1985,2,Conservative,upper working,male,55,Protestant
53,3201,1986,3,Conservative,upper working,male,55,Protestant
54,3256,1983,5,Liberal,lower working,female,70,Protestant
54,3256,1984,5,Labour,lower working,female,70,Protestant
54,3256,1985,7,Labour,lower working,female,70,Protestant
54,3256,1986,5,Labour,lower working,female,70,Protestant
54,3257,1983,5,Liberal,lower working,female,57,Protestant
54,3257,1984,4,Labour,upper working,female,57,Protestant
54,3257,1985,4,Labour,middle,female,57,Protestant
54,3257,1986,5,Labour,lower working,female,57,Protestant
54,3260,1983,5,Labour,lower working,male,18,Protestant
54,3260,1984,2,Labour,lower working,male,18,Protestant
54,3260,1985,7,Labour,lower working,male,18,Protestant
54,3260,1986,7,Labour,lower working,male,18,Protestant
54,3265,1983,3,Labour,lower working,female,40,Roman Catholic
54,3265,1984,4,Labour,lower working,female,40,Roman Catholic
54,3265,1985,4,Labour,lower working,female,40,Roman Catholic
54,3265,1986,6,Labour,lower working,female,40,Roman Catholic
54,3268,1983,3,Liberal,lower working,male,65,Other
54,3268,1984,3,Conservative,lower working,male,65,Other
54,3268,1985,5,Liberal,upper working,male,65,Other
54,3268,1986,7,Conservative,lower working,male,65,Other
